topic,interest,answer
Random Forests,The Big Bang Theory,"Imagine Sheldon facing a recurring situation in The Big Bang Theory. Initially, decisions may be random, but feedback guides improvement. This reflects Random Forests, where the model tries, evaluates, and gradually enhances how it interprets data. Howard might shape the outcome, just like training data shapes model behavior."
Support Vector Machines,Friends,"Imagine Chandler facing a recurring situation in Friends. Initially, decisions may be random, but feedback guides improvement. This reflects Support Vector Machines, where the model tries, evaluates, and gradually enhances how it interprets data. Joey might shape the outcome, just like training data shapes model behavior."
Feature Selection,Friends,"Imagine Rachel facing a recurring situation in Friends. Initially, decisions may be random, but feedback guides improvement. This reflects Feature Selection, where the model tries, evaluates, and gradually enhances how it interprets data. Phoebe might shape the outcome, just like training data shapes model behavior."
GRUs,Modern Family,"In Modern Family, Mitchell and Claire often learn from repeated interactions. GRUs works the same way. The system observes examples, notices which patterns lead to good outcomes, and strengthens them. When outcomes are poor, adjustments happen. This ongoing improvement reflects how learning models evolve."
Logistic Regression,Parks and Recreation,"Logistic Regression explained using Parks and Recreation: Think of Leslie trying to solve a repeating problem in daily life. Leslie looks at past outcomes and learns which approaches worked. April may influence the decisions, but over time, Leslie becomes better by adjusting behaviors based on what succeeded and what failed. This mirrors how Logistic Regression learns from data by refining internal patterns through feedback."
Logistic Regression,Modern Family,"Logistic Regression explained using Modern Family: Think of Mitchell trying to solve a repeating problem in daily life. Mitchell looks at past outcomes and learns which approaches worked. Jay may influence the decisions, but over time, Mitchell becomes better by adjusting behaviors based on what succeeded and what failed. This mirrors how Logistic Regression learns from data by refining internal patterns through feedback."
Decision Trees,The Office (US),"In The Office (US), Kevin and Dwight often learn from repeated interactions. Decision Trees works the same way. The system observes examples, notices which patterns lead to good outcomes, and strengthens them. When outcomes are poor, adjustments happen. This ongoing improvement reflects how learning models evolve."
Linear Regression,The Big Bang Theory,"Imagine Howard facing a recurring situation in The Big Bang Theory. Initially, decisions may be random, but feedback guides improvement. This reflects Linear Regression, where the model tries, evaluates, and gradually enhances how it interprets data. Raj might shape the outcome, just like training data shapes model behavior."
Perceptron,Friends,"In Friends, relationships and decisions evolve. Monica doesn't always act perfectly but learns over time. Perceptron functions the same way: through examples, feedback, and refinement, better predictions form. Phoebe's influence is like features shaping the model's judgment."
Q-Learning,It's Always Sunny in Philadelphia,"Q-Learning explained using It's Always Sunny in Philadelphia: Think of Frank trying to solve a repeating problem in daily life. Frank looks at past outcomes and learns which approaches worked. Dee may influence the decisions, but over time, Frank becomes better by adjusting behaviors based on what succeeded and what failed. This mirrors how Q-Learning learns from data by refining internal patterns through feedback."
Cross-Validation,That '70s Show,"In That '70s Show, relationships and decisions evolve. Hyde doesn't always act perfectly but learns over time. Cross-Validation functions the same way: through examples, feedback, and refinement, better predictions form. Fez's influence is like features shaping the model's judgment."
Feature Scaling,That '70s Show,"Feature Scaling explained using That '70s Show: Think of Eric trying to solve a repeating problem in daily life. Eric looks at past outcomes and learns which approaches worked. Donna may influence the decisions, but over time, Eric becomes better by adjusting behaviors based on what succeeded and what failed. This mirrors how Feature Scaling learns from data by refining internal patterns through feedback."
MLP,The Big Bang Theory,"Imagine Leonard facing a recurring situation in The Big Bang Theory. Initially, decisions may be random, but feedback guides improvement. This reflects MLP, where the model tries, evaluates, and gradually enhances how it interprets data. Penny might shape the outcome, just like training data shapes model behavior."
GRUs,Parks and Recreation,"In Parks and Recreation, relationships and decisions evolve. Leslie doesn't always act perfectly but learns over time. GRUs functions the same way: through examples, feedback, and refinement, better predictions form. April's influence is like features shaping the model's judgment."
Transformers,Modern Family,"Transformers explained using Modern Family: Think of Phil trying to solve a repeating problem in daily life. Phil looks at past outcomes and learns which approaches worked. Claire may influence the decisions, but over time, Phil becomes better by adjusting behaviors based on what succeeded and what failed. This mirrors how Transformers learns from data by refining internal patterns through feedback."
Language Modeling,Modern Family,"In Modern Family, Phil and Gloria often learn from repeated interactions. Language Modeling works the same way. The system observes examples, notices which patterns lead to good outcomes, and strengthens them. When outcomes are poor, adjustments happen. This ongoing improvement reflects how learning models evolve."
Cross-Validation,That '70s Show,"Imagine Fez facing a recurring situation in That '70s Show. Initially, decisions may be random, but feedback guides improvement. This reflects Cross-Validation, where the model tries, evaluates, and gradually enhances how it interprets data. Eric might shape the outcome, just like training data shapes model behavior."
MLP,Brooklyn Nine-Nine,"In Brooklyn Nine-Nine, Terry and Rosa often learn from repeated interactions. MLP works the same way. The system observes examples, notices which patterns lead to good outcomes, and strengthens them. When outcomes are poor, adjustments happen. This ongoing improvement reflects how learning models evolve."
DBSCAN,That '70s Show,"In That '70s Show, relationships and decisions evolve. Hyde doesn't always act perfectly but learns over time. DBSCAN functions the same way: through examples, feedback, and refinement, better predictions form. Fez's influence is like features shaping the model's judgment."
Decision Trees,Friends,"In Friends, Rachel and Chandler often learn from repeated interactions. Decision Trees works the same way. The system observes examples, notices which patterns lead to good outcomes, and strengthens them. When outcomes are poor, adjustments happen. This ongoing improvement reflects how learning models evolve."
Linear Regression,The Big Bang Theory,"In The Big Bang Theory, relationships and decisions evolve. Penny doesn't always act perfectly but learns over time. Linear Regression functions the same way: through examples, feedback, and refinement, better predictions form. Raj's influence is like features shaping the model's judgment."
Language Modeling,Parks and Recreation,"Language Modeling explained using Parks and Recreation: Think of Leslie trying to solve a repeating problem in daily life. Leslie looks at past outcomes and learns which approaches worked. Andy may influence the decisions, but over time, Leslie becomes better by adjusting behaviors based on what succeeded and what failed. This mirrors how Language Modeling learns from data by refining internal patterns through feedback."
CNNs,Modern Family,"CNNs explained using Modern Family: Think of Mitchell trying to solve a repeating problem in daily life. Mitchell looks at past outcomes and learns which approaches worked. Phil may influence the decisions, but over time, Mitchell becomes better by adjusting behaviors based on what succeeded and what failed. This mirrors how CNNs learns from data by refining internal patterns through feedback."
L2 Regularization,Friends,"L2 Regularization explained using Friends: Think of Joey trying to solve a repeating problem in daily life. Joey looks at past outcomes and learns which approaches worked. Chandler may influence the decisions, but over time, Joey becomes better by adjusting behaviors based on what succeeded and what failed. This mirrors how L2 Regularization learns from data by refining internal patterns through feedback."
LSTMs,Parks and Recreation,"Imagine Leslie facing a recurring situation in Parks and Recreation. Initially, decisions may be random, but feedback guides improvement. This reflects LSTMs, where the model tries, evaluates, and gradually enhances how it interprets data. Ben might shape the outcome, just like training data shapes model behavior."
Perceptron,Friends,"In Friends, relationships and decisions evolve. Joey doesn't always act perfectly but learns over time. Perceptron functions the same way: through examples, feedback, and refinement, better predictions form. Monica's influence is like features shaping the model's judgment."
Feature Extraction,Friends,"In Friends, relationships and decisions evolve. Phoebe doesn't always act perfectly but learns over time. Feature Extraction functions the same way: through examples, feedback, and refinement, better predictions form. Rachel's influence is like features shaping the model's judgment."
K-Nearest Neighbors,How I Met Your Mother,"K-Nearest Neighbors explained using How I Met Your Mother: Think of Marshall trying to solve a repeating problem in daily life. Marshall looks at past outcomes and learns which approaches worked. Barney may influence the decisions, but over time, Marshall becomes better by adjusting behaviors based on what succeeded and what failed. This mirrors how K-Nearest Neighbors learns from data by refining internal patterns through feedback."
Language Modeling,Friends,"Imagine Joey facing a recurring situation in Friends. Initially, decisions may be random, but feedback guides improvement. This reflects Language Modeling, where the model tries, evaluates, and gradually enhances how it interprets data. Chandler might shape the outcome, just like training data shapes model behavior."
DBSCAN,The Big Bang Theory,"In The Big Bang Theory, Howard and Penny often learn from repeated interactions. DBSCAN works the same way. The system observes examples, notices which patterns lead to good outcomes, and strengthens them. When outcomes are poor, adjustments happen. This ongoing improvement reflects how learning models evolve."
LSTMs,Modern Family,"In Modern Family, Cam and Phil often learn from repeated interactions. LSTMs works the same way. The system observes examples, notices which patterns lead to good outcomes, and strengthens them. When outcomes are poor, adjustments happen. This ongoing improvement reflects how learning models evolve."
Text Classification,Parks and Recreation,"In Parks and Recreation, April and Leslie often learn from repeated interactions. Text Classification works the same way. The system observes examples, notices which patterns lead to good outcomes, and strengthens them. When outcomes are poor, adjustments happen. This ongoing improvement reflects how learning models evolve."
Underfitting and Overfitting,Friends,"In Friends, relationships and decisions evolve. Monica doesn't always act perfectly but learns over time. Underfitting and Overfitting functions the same way: through examples, feedback, and refinement, better predictions form. Chandler's influence is like features shaping the model's judgment."
Boosting,Parks and Recreation,"Imagine Leslie facing a recurring situation in Parks and Recreation. Initially, decisions may be random, but feedback guides improvement. This reflects Boosting, where the model tries, evaluates, and gradually enhances how it interprets data. Ron might shape the outcome, just like training data shapes model behavior."
RNNs,That '70s Show,"Imagine Fez facing a recurring situation in That '70s Show. Initially, decisions may be random, but feedback guides improvement. This reflects RNNs, where the model tries, evaluates, and gradually enhances how it interprets data. Donna might shape the outcome, just like training data shapes model behavior."
CNNs,The Office (US),"In The Office (US), Angela and Jim often learn from repeated interactions. CNNs works the same way. The system observes examples, notices which patterns lead to good outcomes, and strengthens them. When outcomes are poor, adjustments happen. This ongoing improvement reflects how learning models evolve."
Transformers,Modern Family,"In Modern Family, Phil and Gloria often learn from repeated interactions. Transformers works the same way. The system observes examples, notices which patterns lead to good outcomes, and strengthens them. When outcomes are poor, adjustments happen. This ongoing improvement reflects how learning models evolve."
Q-Learning,Modern Family,"Q-Learning explained using Modern Family: Think of Gloria trying to solve a repeating problem in daily life. Gloria looks at past outcomes and learns which approaches worked. Jay may influence the decisions, but over time, Gloria becomes better by adjusting behaviors based on what succeeded and what failed. This mirrors how Q-Learning learns from data by refining internal patterns through feedback."
CNNs,The Office (US),"In The Office (US), Dwight and Angela often learn from repeated interactions. CNNs works the same way. The system observes examples, notices which patterns lead to good outcomes, and strengthens them. When outcomes are poor, adjustments happen. This ongoing improvement reflects how learning models evolve."
Linear Regression,Brooklyn Nine-Nine,"In Brooklyn Nine-Nine, Holt and Terry often learn from repeated interactions. Linear Regression works the same way. The system observes examples, notices which patterns lead to good outcomes, and strengthens them. When outcomes are poor, adjustments happen. This ongoing improvement reflects how learning models evolve."
Naive Bayes,It's Always Sunny in Philadelphia,"Imagine Dee facing a recurring situation in It's Always Sunny in Philadelphia. Initially, decisions may be random, but feedback guides improvement. This reflects Naive Bayes, where the model tries, evaluates, and gradually enhances how it interprets data. Mac might shape the outcome, just like training data shapes model behavior."
GRUs,That '70s Show,"In That '70s Show, relationships and decisions evolve. Donna doesn't always act perfectly but learns over time. GRUs functions the same way: through examples, feedback, and refinement, better predictions form. Fez's influence is like features shaping the model's judgment."
MLP,Parks and Recreation,"In Parks and Recreation, relationships and decisions evolve. Leslie doesn't always act perfectly but learns over time. MLP functions the same way: through examples, feedback, and refinement, better predictions form. Ben's influence is like features shaping the model's judgment."
Feature Selection,Parks and Recreation,"Feature Selection explained using Parks and Recreation: Think of Ron trying to solve a repeating problem in daily life. Ron looks at past outcomes and learns which approaches worked. Andy may influence the decisions, but over time, Ron becomes better by adjusting behaviors based on what succeeded and what failed. This mirrors how Feature Selection learns from data by refining internal patterns through feedback."
Sentiment Analysis,It's Always Sunny in Philadelphia,"Sentiment Analysis explained using It's Always Sunny in Philadelphia: Think of Charlie trying to solve a repeating problem in daily life. Charlie looks at past outcomes and learns which approaches worked. Dee may influence the decisions, but over time, Charlie becomes better by adjusting behaviors based on what succeeded and what failed. This mirrors how Sentiment Analysis learns from data by refining internal patterns through feedback."
Random Forests,Modern Family,"In Modern Family, relationships and decisions evolve. Jay doesn't always act perfectly but learns over time. Random Forests functions the same way: through examples, feedback, and refinement, better predictions form. Gloria's influence is like features shaping the model's judgment."
Stacking,Modern Family,"Imagine Claire facing a recurring situation in Modern Family. Initially, decisions may be random, but feedback guides improvement. This reflects Stacking, where the model tries, evaluates, and gradually enhances how it interprets data. Jay might shape the outcome, just like training data shapes model behavior."
Apriori Algorithm,How I Met Your Mother,"In How I Met Your Mother, relationships and decisions evolve. Lily doesn't always act perfectly but learns over time. Apriori Algorithm functions the same way: through examples, feedback, and refinement, better predictions form. Ted's influence is like features shaping the model's judgment."
Accuracy vs Precision vs Recall vs F1-score,That '70s Show,"In That '70s Show, relationships and decisions evolve. Kelso doesn't always act perfectly but learns over time. Accuracy vs Precision vs Recall vs F1-score functions the same way: through examples, feedback, and refinement, better predictions form. Donna's influence is like features shaping the model's judgment."
Feature Scaling,The Office (US),"Imagine Jim facing a recurring situation in The Office (US). Initially, decisions may be random, but feedback guides improvement. This reflects Feature Scaling, where the model tries, evaluates, and gradually enhances how it interprets data. Michael might shape the outcome, just like training data shapes model behavior."
CNNs,It's Always Sunny in Philadelphia,"In It's Always Sunny in Philadelphia, relationships and decisions evolve. Dee doesn't always act perfectly but learns over time. CNNs functions the same way: through examples, feedback, and refinement, better predictions form. Mac's influence is like features shaping the model's judgment."
Random Forests,It's Always Sunny in Philadelphia,"Random Forests explained using It's Always Sunny in Philadelphia: Think of Charlie trying to solve a repeating problem in daily life. Charlie looks at past outcomes and learns which approaches worked. Dee may influence the decisions, but over time, Charlie becomes better by adjusting behaviors based on what succeeded and what failed. This mirrors how Random Forests learns from data by refining internal patterns through feedback."
Underfitting and Overfitting,It's Always Sunny in Philadelphia,"In It's Always Sunny in Philadelphia, relationships and decisions evolve. Dee doesn't always act perfectly but learns over time. Underfitting and Overfitting functions the same way: through examples, feedback, and refinement, better predictions form. Dennis's influence is like features shaping the model's judgment."
Self-Supervised Learning,Seinfeld,"In Seinfeld, relationships and decisions evolve. Elaine doesn't always act perfectly but learns over time. Self-Supervised Learning functions the same way: through examples, feedback, and refinement, better predictions form. Jerry's influence is like features shaping the model's judgment."
CNNs,It's Always Sunny in Philadelphia,"CNNs explained using It's Always Sunny in Philadelphia: Think of Dee trying to solve a repeating problem in daily life. Dee looks at past outcomes and learns which approaches worked. Frank may influence the decisions, but over time, Dee becomes better by adjusting behaviors based on what succeeded and what failed. This mirrors how CNNs learns from data by refining internal patterns through feedback."
SVD,The Office (US),"In The Office (US), relationships and decisions evolve. Michael doesn't always act perfectly but learns over time. SVD functions the same way: through examples, feedback, and refinement, better predictions form. Pam's influence is like features shaping the model's judgment."
Hierarchical Clustering,Seinfeld,"In Seinfeld, Jerry and George often learn from repeated interactions. Hierarchical Clustering works the same way. The system observes examples, notices which patterns lead to good outcomes, and strengthens them. When outcomes are poor, adjustments happen. This ongoing improvement reflects how learning models evolve."
Stacking,Modern Family,"Stacking explained using Modern Family: Think of Claire trying to solve a repeating problem in daily life. Claire looks at past outcomes and learns which approaches worked. Cam may influence the decisions, but over time, Claire becomes better by adjusting behaviors based on what succeeded and what failed. This mirrors how Stacking learns from data by refining internal patterns through feedback."
Underfitting and Overfitting,That '70s Show,"Underfitting and Overfitting explained using That '70s Show: Think of Fez trying to solve a repeating problem in daily life. Fez looks at past outcomes and learns which approaches worked. Kelso may influence the decisions, but over time, Fez becomes better by adjusting behaviors based on what succeeded and what failed. This mirrors how Underfitting and Overfitting learns from data by refining internal patterns through feedback."
Stacking,Parks and Recreation,"Imagine Ron facing a recurring situation in Parks and Recreation. Initially, decisions may be random, but feedback guides improvement. This reflects Stacking, where the model tries, evaluates, and gradually enhances how it interprets data. Leslie might shape the outcome, just like training data shapes model behavior."
Bagging,How I Met Your Mother,"In How I Met Your Mother, relationships and decisions evolve. Lily doesn't always act perfectly but learns over time. Bagging functions the same way: through examples, feedback, and refinement, better predictions form. Marshall's influence is like features shaping the model's judgment."
Decision Trees,It's Always Sunny in Philadelphia,"In It's Always Sunny in Philadelphia, Mac and Charlie often learn from repeated interactions. Decision Trees works the same way. The system observes examples, notices which patterns lead to good outcomes, and strengthens them. When outcomes are poor, adjustments happen. This ongoing improvement reflects how learning models evolve."
Apriori Algorithm,Friends,"In Friends, Monica and Joey often learn from repeated interactions. Apriori Algorithm works the same way. The system observes examples, notices which patterns lead to good outcomes, and strengthens them. When outcomes are poor, adjustments happen. This ongoing improvement reflects how learning models evolve."
RNNs,Brooklyn Nine-Nine,"In Brooklyn Nine-Nine, relationships and decisions evolve. Holt doesn't always act perfectly but learns over time. RNNs functions the same way: through examples, feedback, and refinement, better predictions form. Rosa's influence is like features shaping the model's judgment."
SARSA,The Big Bang Theory,"SARSA explained using The Big Bang Theory: Think of Raj trying to solve a repeating problem in daily life. Raj looks at past outcomes and learns which approaches worked. Sheldon may influence the decisions, but over time, Raj becomes better by adjusting behaviors based on what succeeded and what failed. This mirrors how SARSA learns from data by refining internal patterns through feedback."
Bias-Variance Tradeoff,It's Always Sunny in Philadelphia,"In It's Always Sunny in Philadelphia, Frank and Dee often learn from repeated interactions. Bias-Variance Tradeoff works the same way. The system observes examples, notices which patterns lead to good outcomes, and strengthens them. When outcomes are poor, adjustments happen. This ongoing improvement reflects how learning models evolve."
RNNs,The Office (US),"In The Office (US), relationships and decisions evolve. Kevin doesn't always act perfectly but learns over time. RNNs functions the same way: through examples, feedback, and refinement, better predictions form. Pam's influence is like features shaping the model's judgment."
Bias-Variance Tradeoff,The Office (US),"In The Office (US), relationships and decisions evolve. Michael doesn't always act perfectly but learns over time. Bias-Variance Tradeoff functions the same way: through examples, feedback, and refinement, better predictions form. Angela's influence is like features shaping the model's judgment."
Image Classification,Parks and Recreation,"In Parks and Recreation, Andy and Ben often learn from repeated interactions. Image Classification works the same way. The system observes examples, notices which patterns lead to good outcomes, and strengthens them. When outcomes are poor, adjustments happen. This ongoing improvement reflects how learning models evolve."
MLP,How I Met Your Mother,"In How I Met Your Mother, Barney and Robin often learn from repeated interactions. MLP works the same way. The system observes examples, notices which patterns lead to good outcomes, and strengthens them. When outcomes are poor, adjustments happen. This ongoing improvement reflects how learning models evolve."
Decision Trees,Brooklyn Nine-Nine,"In Brooklyn Nine-Nine, relationships and decisions evolve. Amy doesn't always act perfectly but learns over time. Decision Trees functions the same way: through examples, feedback, and refinement, better predictions form. Jake's influence is like features shaping the model's judgment."
Linear Regression,Friends,"Linear Regression explained using Friends: Think of Chandler trying to solve a repeating problem in daily life. Chandler looks at past outcomes and learns which approaches worked. Monica may influence the decisions, but over time, Chandler becomes better by adjusting behaviors based on what succeeded and what failed. This mirrors how Linear Regression learns from data by refining internal patterns through feedback."
Decision Trees,Brooklyn Nine-Nine,"Imagine Boyle facing a recurring situation in Brooklyn Nine-Nine. Initially, decisions may be random, but feedback guides improvement. This reflects Decision Trees, where the model tries, evaluates, and gradually enhances how it interprets data. Rosa might shape the outcome, just like training data shapes model behavior."
SVD,The Big Bang Theory,"Imagine Sheldon facing a recurring situation in The Big Bang Theory. Initially, decisions may be random, but feedback guides improvement. This reflects SVD, where the model tries, evaluates, and gradually enhances how it interprets data. Penny might shape the outcome, just like training data shapes model behavior."
Q-Learning,That '70s Show,"In That '70s Show, Eric and Kelso often learn from repeated interactions. Q-Learning works the same way. The system observes examples, notices which patterns lead to good outcomes, and strengthens them. When outcomes are poor, adjustments happen. This ongoing improvement reflects how learning models evolve."
Underfitting and Overfitting,Brooklyn Nine-Nine,"In Brooklyn Nine-Nine, relationships and decisions evolve. Rosa doesn't always act perfectly but learns over time. Underfitting and Overfitting functions the same way: through examples, feedback, and refinement, better predictions form. Amy's influence is like features shaping the model's judgment."
Cross-Validation,That '70s Show,"Cross-Validation explained using That '70s Show: Think of Donna trying to solve a repeating problem in daily life. Donna looks at past outcomes and learns which approaches worked. Hyde may influence the decisions, but over time, Donna becomes better by adjusting behaviors based on what succeeded and what failed. This mirrors how Cross-Validation learns from data by refining internal patterns through feedback."
MLP,Friends,"In Friends, relationships and decisions evolve. Monica doesn't always act perfectly but learns over time. MLP functions the same way: through examples, feedback, and refinement, better predictions form. Rachel's influence is like features shaping the model's judgment."
Support Vector Machines,How I Met Your Mother,"Imagine Ted facing a recurring situation in How I Met Your Mother. Initially, decisions may be random, but feedback guides improvement. This reflects Support Vector Machines, where the model tries, evaluates, and gradually enhances how it interprets data. Lily might shape the outcome, just like training data shapes model behavior."
GRUs,It's Always Sunny in Philadelphia,"Imagine Mac facing a recurring situation in It's Always Sunny in Philadelphia. Initially, decisions may be random, but feedback guides improvement. This reflects GRUs, where the model tries, evaluates, and gradually enhances how it interprets data. Charlie might shape the outcome, just like training data shapes model behavior."
Bagging,Modern Family,"Bagging explained using Modern Family: Think of Claire trying to solve a repeating problem in daily life. Claire looks at past outcomes and learns which approaches worked. Jay may influence the decisions, but over time, Claire becomes better by adjusting behaviors based on what succeeded and what failed. This mirrors how Bagging learns from data by refining internal patterns through feedback."
Support Vector Machines,That '70s Show,"Support Vector Machines explained using That '70s Show: Think of Eric trying to solve a repeating problem in daily life. Eric looks at past outcomes and learns which approaches worked. Kelso may influence the decisions, but over time, Eric becomes better by adjusting behaviors based on what succeeded and what failed. This mirrors how Support Vector Machines learns from data by refining internal patterns through feedback."
Object Detection,Brooklyn Nine-Nine,"In Brooklyn Nine-Nine, relationships and decisions evolve. Rosa doesn't always act perfectly but learns over time. Object Detection functions the same way: through examples, feedback, and refinement, better predictions form. Amy's influence is like features shaping the model's judgment."
Hierarchical Clustering,Seinfeld,"In Seinfeld, George and Jerry often learn from repeated interactions. Hierarchical Clustering works the same way. The system observes examples, notices which patterns lead to good outcomes, and strengthens them. When outcomes are poor, adjustments happen. This ongoing improvement reflects how learning models evolve."
Naive Bayes,Modern Family,"In Modern Family, Phil and Mitchell often learn from repeated interactions. Naive Bayes works the same way. The system observes examples, notices which patterns lead to good outcomes, and strengthens them. When outcomes are poor, adjustments happen. This ongoing improvement reflects how learning models evolve."
SARSA,Seinfeld,"In Seinfeld, relationships and decisions evolve. Kramer doesn't always act perfectly but learns over time. SARSA functions the same way: through examples, feedback, and refinement, better predictions form. Jerry's influence is like features shaping the model's judgment."
Random Forests,Friends,"In Friends, relationships and decisions evolve. Rachel doesn't always act perfectly but learns over time. Random Forests functions the same way: through examples, feedback, and refinement, better predictions form. Ross's influence is like features shaping the model's judgment."
Naive Bayes,How I Met Your Mother,"In How I Met Your Mother, relationships and decisions evolve. Ted doesn't always act perfectly but learns over time. Naive Bayes functions the same way: through examples, feedback, and refinement, better predictions form. Marshall's influence is like features shaping the model's judgment."
Q-Learning,Brooklyn Nine-Nine,"Imagine Amy facing a recurring situation in Brooklyn Nine-Nine. Initially, decisions may be random, but feedback guides improvement. This reflects Q-Learning, where the model tries, evaluates, and gradually enhances how it interprets data. Rosa might shape the outcome, just like training data shapes model behavior."
Object Detection,How I Met Your Mother,"Imagine Ted facing a recurring situation in How I Met Your Mother. Initially, decisions may be random, but feedback guides improvement. This reflects Object Detection, where the model tries, evaluates, and gradually enhances how it interprets data. Robin might shape the outcome, just like training data shapes model behavior."
Stacking,Parks and Recreation,"Stacking explained using Parks and Recreation: Think of Ben trying to solve a repeating problem in daily life. Ben looks at past outcomes and learns which approaches worked. Ron may influence the decisions, but over time, Ben becomes better by adjusting behaviors based on what succeeded and what failed. This mirrors how Stacking learns from data by refining internal patterns through feedback."
Random Forests,That '70s Show,"In That '70s Show, Eric and Fez often learn from repeated interactions. Random Forests works the same way. The system observes examples, notices which patterns lead to good outcomes, and strengthens them. When outcomes are poor, adjustments happen. This ongoing improvement reflects how learning models evolve."
Bagging,Brooklyn Nine-Nine,"Bagging explained using Brooklyn Nine-Nine: Think of Amy trying to solve a repeating problem in daily life. Amy looks at past outcomes and learns which approaches worked. Terry may influence the decisions, but over time, Amy becomes better by adjusting behaviors based on what succeeded and what failed. This mirrors how Bagging learns from data by refining internal patterns through feedback."
Sentiment Analysis,That '70s Show,"Imagine Kelso facing a recurring situation in That '70s Show. Initially, decisions may be random, but feedback guides improvement. This reflects Sentiment Analysis, where the model tries, evaluates, and gradually enhances how it interprets data. Hyde might shape the outcome, just like training data shapes model behavior."
Feature Scaling,How I Met Your Mother,"Imagine Lily facing a recurring situation in How I Met Your Mother. Initially, decisions may be random, but feedback guides improvement. This reflects Feature Scaling, where the model tries, evaluates, and gradually enhances how it interprets data. Ted might shape the outcome, just like training data shapes model behavior."
Feature Extraction,Modern Family,"Imagine Mitchell facing a recurring situation in Modern Family. Initially, decisions may be random, but feedback guides improvement. This reflects Feature Extraction, where the model tries, evaluates, and gradually enhances how it interprets data. Phil might shape the outcome, just like training data shapes model behavior."
CNNs,Friends,"CNNs explained using Friends: Think of Phoebe trying to solve a repeating problem in daily life. Phoebe looks at past outcomes and learns which approaches worked. Monica may influence the decisions, but over time, Phoebe becomes better by adjusting behaviors based on what succeeded and what failed. This mirrors how CNNs learns from data by refining internal patterns through feedback."
Accuracy vs Precision vs Recall vs F1-score,How I Met Your Mother,"In How I Met Your Mother, relationships and decisions evolve. Robin doesn't always act perfectly but learns over time. Accuracy vs Precision vs Recall vs F1-score functions the same way: through examples, feedback, and refinement, better predictions form. Marshall's influence is like features shaping the model's judgment."
Support Vector Machines,It's Always Sunny in Philadelphia,"In It's Always Sunny in Philadelphia, relationships and decisions evolve. Frank doesn't always act perfectly but learns over time. Support Vector Machines functions the same way: through examples, feedback, and refinement, better predictions form. Dennis's influence is like features shaping the model's judgment."
Language Modeling,The Office (US),"Imagine Dwight facing a recurring situation in The Office (US). Initially, decisions may be random, but feedback guides improvement. This reflects Language Modeling, where the model tries, evaluates, and gradually enhances how it interprets data. Kevin might shape the outcome, just like training data shapes model behavior."
L2 Regularization,Seinfeld,"In Seinfeld, Elaine and Kramer often learn from repeated interactions. L2 Regularization works the same way. The system observes examples, notices which patterns lead to good outcomes, and strengthens them. When outcomes are poor, adjustments happen. This ongoing improvement reflects how learning models evolve."
Accuracy vs Precision vs Recall vs F1-score,Friends,"In Friends, Monica and Ross often learn from repeated interactions. Accuracy vs Precision vs Recall vs F1-score works the same way. The system observes examples, notices which patterns lead to good outcomes, and strengthens them. When outcomes are poor, adjustments happen. This ongoing improvement reflects how learning models evolve."
Apriori Algorithm,Modern Family,"In Modern Family, Claire and Phil often learn from repeated interactions. Apriori Algorithm works the same way. The system observes examples, notices which patterns lead to good outcomes, and strengthens them. When outcomes are poor, adjustments happen. This ongoing improvement reflects how learning models evolve."
Sentiment Analysis,The Office (US),"Sentiment Analysis explained using The Office (US): Think of Jim trying to solve a repeating problem in daily life. Jim looks at past outcomes and learns which approaches worked. Michael may influence the decisions, but over time, Jim becomes better by adjusting behaviors based on what succeeded and what failed. This mirrors how Sentiment Analysis learns from data by refining internal patterns through feedback."
Feature Scaling,Friends,"In Friends, Monica and Phoebe often learn from repeated interactions. Feature Scaling works the same way. The system observes examples, notices which patterns lead to good outcomes, and strengthens them. When outcomes are poor, adjustments happen. This ongoing improvement reflects how learning models evolve."
Semi-Supervised Learning,Parks and Recreation,"Semi-Supervised Learning explained using Parks and Recreation: Think of Leslie trying to solve a repeating problem in daily life. Leslie looks at past outcomes and learns which approaches worked. Ben may influence the decisions, but over time, Leslie becomes better by adjusting behaviors based on what succeeded and what failed. This mirrors how Semi-Supervised Learning learns from data by refining internal patterns through feedback."
Object Detection,That '70s Show,"Imagine Eric facing a recurring situation in That '70s Show. Initially, decisions may be random, but feedback guides improvement. This reflects Object Detection, where the model tries, evaluates, and gradually enhances how it interprets data. Kelso might shape the outcome, just like training data shapes model behavior."
Language Modeling,The Big Bang Theory,"Language Modeling explained using The Big Bang Theory: Think of Howard trying to solve a repeating problem in daily life. Howard looks at past outcomes and learns which approaches worked. Leonard may influence the decisions, but over time, Howard becomes better by adjusting behaviors based on what succeeded and what failed. This mirrors how Language Modeling learns from data by refining internal patterns through feedback."
Naive Bayes,The Office (US),"In The Office (US), relationships and decisions evolve. Angela doesn't always act perfectly but learns over time. Naive Bayes functions the same way: through examples, feedback, and refinement, better predictions form. Michael's influence is like features shaping the model's judgment."
Accuracy vs Precision vs Recall vs F1-score,Modern Family,"In Modern Family, Mitchell and Claire often learn from repeated interactions. Accuracy vs Precision vs Recall vs F1-score works the same way. The system observes examples, notices which patterns lead to good outcomes, and strengthens them. When outcomes are poor, adjustments happen. This ongoing improvement reflects how learning models evolve."
Accuracy vs Precision vs Recall vs F1-score,Friends,"In Friends, Chandler and Rachel often learn from repeated interactions. Accuracy vs Precision vs Recall vs F1-score works the same way. The system observes examples, notices which patterns lead to good outcomes, and strengthens them. When outcomes are poor, adjustments happen. This ongoing improvement reflects how learning models evolve."
Logistic Regression,Parks and Recreation,"In Parks and Recreation, Ron and Leslie often learn from repeated interactions. Logistic Regression works the same way. The system observes examples, notices which patterns lead to good outcomes, and strengthens them. When outcomes are poor, adjustments happen. This ongoing improvement reflects how learning models evolve."
LSTMs,The Big Bang Theory,"In The Big Bang Theory, relationships and decisions evolve. Howard doesn't always act perfectly but learns over time. LSTMs functions the same way: through examples, feedback, and refinement, better predictions form. Leonard's influence is like features shaping the model's judgment."
Boosting,The Office (US),"In The Office (US), relationships and decisions evolve. Michael doesn't always act perfectly but learns over time. Boosting functions the same way: through examples, feedback, and refinement, better predictions form. Kevin's influence is like features shaping the model's judgment."
Self-Supervised Learning,It's Always Sunny in Philadelphia,"Imagine Mac facing a recurring situation in It's Always Sunny in Philadelphia. Initially, decisions may be random, but feedback guides improvement. This reflects Self-Supervised Learning, where the model tries, evaluates, and gradually enhances how it interprets data. Dennis might shape the outcome, just like training data shapes model behavior."
Boosting,It's Always Sunny in Philadelphia,"Boosting explained using It's Always Sunny in Philadelphia: Think of Frank trying to solve a repeating problem in daily life. Frank looks at past outcomes and learns which approaches worked. Dee may influence the decisions, but over time, Frank becomes better by adjusting behaviors based on what succeeded and what failed. This mirrors how Boosting learns from data by refining internal patterns through feedback."
Object Detection,How I Met Your Mother,"In How I Met Your Mother, Marshall and Robin often learn from repeated interactions. Object Detection works the same way. The system observes examples, notices which patterns lead to good outcomes, and strengthens them. When outcomes are poor, adjustments happen. This ongoing improvement reflects how learning models evolve."
L2 Regularization,Brooklyn Nine-Nine,"In Brooklyn Nine-Nine, relationships and decisions evolve. Rosa doesn't always act perfectly but learns over time. L2 Regularization functions the same way: through examples, feedback, and refinement, better predictions form. Jake's influence is like features shaping the model's judgment."
K-Nearest Neighbors,How I Met Your Mother,"In How I Met Your Mother, Barney and Ted often learn from repeated interactions. K-Nearest Neighbors works the same way. The system observes examples, notices which patterns lead to good outcomes, and strengthens them. When outcomes are poor, adjustments happen. This ongoing improvement reflects how learning models evolve."
K-Nearest Neighbors,Seinfeld,"In Seinfeld, relationships and decisions evolve. George doesn't always act perfectly but learns over time. K-Nearest Neighbors functions the same way: through examples, feedback, and refinement, better predictions form. Kramer's influence is like features shaping the model's judgment."
LSTMs,Modern Family,"LSTMs explained using Modern Family: Think of Phil trying to solve a repeating problem in daily life. Phil looks at past outcomes and learns which approaches worked. Claire may influence the decisions, but over time, Phil becomes better by adjusting behaviors based on what succeeded and what failed. This mirrors how LSTMs learns from data by refining internal patterns through feedback."
Bias-Variance Tradeoff,Friends,"Bias-Variance Tradeoff explained using Friends: Think of Joey trying to solve a repeating problem in daily life. Joey looks at past outcomes and learns which approaches worked. Monica may influence the decisions, but over time, Joey becomes better by adjusting behaviors based on what succeeded and what failed. This mirrors how Bias-Variance Tradeoff learns from data by refining internal patterns through feedback."
Q-Learning,Friends,"Q-Learning explained using Friends: Think of Rachel trying to solve a repeating problem in daily life. Rachel looks at past outcomes and learns which approaches worked. Joey may influence the decisions, but over time, Rachel becomes better by adjusting behaviors based on what succeeded and what failed. This mirrors how Q-Learning learns from data by refining internal patterns through feedback."
Random Forests,Parks and Recreation,"Imagine April facing a recurring situation in Parks and Recreation. Initially, decisions may be random, but feedback guides improvement. This reflects Random Forests, where the model tries, evaluates, and gradually enhances how it interprets data. Andy might shape the outcome, just like training data shapes model behavior."
Object Detection,How I Met Your Mother,"Object Detection explained using How I Met Your Mother: Think of Lily trying to solve a repeating problem in daily life. Lily looks at past outcomes and learns which approaches worked. Robin may influence the decisions, but over time, Lily becomes better by adjusting behaviors based on what succeeded and what failed. This mirrors how Object Detection learns from data by refining internal patterns through feedback."
Naive Bayes,Friends,"In Friends, Rachel and Phoebe often learn from repeated interactions. Naive Bayes works the same way. The system observes examples, notices which patterns lead to good outcomes, and strengthens them. When outcomes are poor, adjustments happen. This ongoing improvement reflects how learning models evolve."
Object Detection,It's Always Sunny in Philadelphia,"In It's Always Sunny in Philadelphia, relationships and decisions evolve. Dee doesn't always act perfectly but learns over time. Object Detection functions the same way: through examples, feedback, and refinement, better predictions form. Frank's influence is like features shaping the model's judgment."
Semi-Supervised Learning,The Big Bang Theory,"Semi-Supervised Learning explained using The Big Bang Theory: Think of Howard trying to solve a repeating problem in daily life. Howard looks at past outcomes and learns which approaches worked. Leonard may influence the decisions, but over time, Howard becomes better by adjusting behaviors based on what succeeded and what failed. This mirrors how Semi-Supervised Learning learns from data by refining internal patterns through feedback."
Logistic Regression,It's Always Sunny in Philadelphia,"Logistic Regression explained using It's Always Sunny in Philadelphia: Think of Frank trying to solve a repeating problem in daily life. Frank looks at past outcomes and learns which approaches worked. Dennis may influence the decisions, but over time, Frank becomes better by adjusting behaviors based on what succeeded and what failed. This mirrors how Logistic Regression learns from data by refining internal patterns through feedback."
Underfitting and Overfitting,Brooklyn Nine-Nine,"In Brooklyn Nine-Nine, relationships and decisions evolve. Boyle doesn't always act perfectly but learns over time. Underfitting and Overfitting functions the same way: through examples, feedback, and refinement, better predictions form. Terry's influence is like features shaping the model's judgment."
Linear Regression,Modern Family,"Imagine Gloria facing a recurring situation in Modern Family. Initially, decisions may be random, but feedback guides improvement. This reflects Linear Regression, where the model tries, evaluates, and gradually enhances how it interprets data. Jay might shape the outcome, just like training data shapes model behavior."
Image Classification,The Big Bang Theory,"In The Big Bang Theory, Raj and Penny often learn from repeated interactions. Image Classification works the same way. The system observes examples, notices which patterns lead to good outcomes, and strengthens them. When outcomes are poor, adjustments happen. This ongoing improvement reflects how learning models evolve."
PCA,Friends,"PCA explained using Friends: Think of Monica trying to solve a repeating problem in daily life. Monica looks at past outcomes and learns which approaches worked. Ross may influence the decisions, but over time, Monica becomes better by adjusting behaviors based on what succeeded and what failed. This mirrors how PCA learns from data by refining internal patterns through feedback."
MLP,Modern Family,"MLP explained using Modern Family: Think of Jay trying to solve a repeating problem in daily life. Jay looks at past outcomes and learns which approaches worked. Claire may influence the decisions, but over time, Jay becomes better by adjusting behaviors based on what succeeded and what failed. This mirrors how MLP learns from data by refining internal patterns through feedback."
Object Detection,It's Always Sunny in Philadelphia,"In It's Always Sunny in Philadelphia, relationships and decisions evolve. Mac doesn't always act perfectly but learns over time. Object Detection functions the same way: through examples, feedback, and refinement, better predictions form. Dennis's influence is like features shaping the model's judgment."
Hierarchical Clustering,That '70s Show,"In That '70s Show, Eric and Hyde often learn from repeated interactions. Hierarchical Clustering works the same way. The system observes examples, notices which patterns lead to good outcomes, and strengthens them. When outcomes are poor, adjustments happen. This ongoing improvement reflects how learning models evolve."
Language Modeling,That '70s Show,"Imagine Hyde facing a recurring situation in That '70s Show. Initially, decisions may be random, but feedback guides improvement. This reflects Language Modeling, where the model tries, evaluates, and gradually enhances how it interprets data. Kelso might shape the outcome, just like training data shapes model behavior."
Sentiment Analysis,Parks and Recreation,"In Parks and Recreation, relationships and decisions evolve. Ben doesn't always act perfectly but learns over time. Sentiment Analysis functions the same way: through examples, feedback, and refinement, better predictions form. Andy's influence is like features shaping the model's judgment."
SVD,Brooklyn Nine-Nine,"In Brooklyn Nine-Nine, Jake and Boyle often learn from repeated interactions. SVD works the same way. The system observes examples, notices which patterns lead to good outcomes, and strengthens them. When outcomes are poor, adjustments happen. This ongoing improvement reflects how learning models evolve."
Feature Scaling,Friends,"In Friends, Rachel and Phoebe often learn from repeated interactions. Feature Scaling works the same way. The system observes examples, notices which patterns lead to good outcomes, and strengthens them. When outcomes are poor, adjustments happen. This ongoing improvement reflects how learning models evolve."
Image Segmentation,Parks and Recreation,"In Parks and Recreation, Ron and Andy often learn from repeated interactions. Image Segmentation works the same way. The system observes examples, notices which patterns lead to good outcomes, and strengthens them. When outcomes are poor, adjustments happen. This ongoing improvement reflects how learning models evolve."
MLP,That '70s Show,"In That '70s Show, Eric and Hyde often learn from repeated interactions. MLP works the same way. The system observes examples, notices which patterns lead to good outcomes, and strengthens them. When outcomes are poor, adjustments happen. This ongoing improvement reflects how learning models evolve."
Self-Supervised Learning,Modern Family,"In Modern Family, relationships and decisions evolve. Mitchell doesn't always act perfectly but learns over time. Self-Supervised Learning functions the same way: through examples, feedback, and refinement, better predictions form. Cam's influence is like features shaping the model's judgment."
SARSA,The Office (US),"In The Office (US), relationships and decisions evolve. Pam doesn't always act perfectly but learns over time. SARSA functions the same way: through examples, feedback, and refinement, better predictions form. Kevin's influence is like features shaping the model's judgment."
Stacking,Friends,"In Friends, relationships and decisions evolve. Phoebe doesn't always act perfectly but learns over time. Stacking functions the same way: through examples, feedback, and refinement, better predictions form. Chandler's influence is like features shaping the model's judgment."
Naive Bayes,Modern Family,"Naive Bayes explained using Modern Family: Think of Jay trying to solve a repeating problem in daily life. Jay looks at past outcomes and learns which approaches worked. Mitchell may influence the decisions, but over time, Jay becomes better by adjusting behaviors based on what succeeded and what failed. This mirrors how Naive Bayes learns from data by refining internal patterns through feedback."
K-Means Clustering,Friends,"Imagine Phoebe facing a recurring situation in Friends. Initially, decisions may be random, but feedback guides improvement. This reflects K-Means Clustering, where the model tries, evaluates, and gradually enhances how it interprets data. Monica might shape the outcome, just like training data shapes model behavior."
Stacking,Brooklyn Nine-Nine,"In Brooklyn Nine-Nine, relationships and decisions evolve. Boyle doesn't always act perfectly but learns over time. Stacking functions the same way: through examples, feedback, and refinement, better predictions form. Terry's influence is like features shaping the model's judgment."
Text Classification,Modern Family,"Text Classification explained using Modern Family: Think of Mitchell trying to solve a repeating problem in daily life. Mitchell looks at past outcomes and learns which approaches worked. Claire may influence the decisions, but over time, Mitchell becomes better by adjusting behaviors based on what succeeded and what failed. This mirrors how Text Classification learns from data by refining internal patterns through feedback."
SVD,How I Met Your Mother,"In How I Met Your Mother, relationships and decisions evolve. Lily doesn't always act perfectly but learns over time. SVD functions the same way: through examples, feedback, and refinement, better predictions form. Barney's influence is like features shaping the model's judgment."
L2 Regularization,Friends,"Imagine Monica facing a recurring situation in Friends. Initially, decisions may be random, but feedback guides improvement. This reflects L2 Regularization, where the model tries, evaluates, and gradually enhances how it interprets data. Rachel might shape the outcome, just like training data shapes model behavior."
Feature Extraction,That '70s Show,"Imagine Kelso facing a recurring situation in That '70s Show. Initially, decisions may be random, but feedback guides improvement. This reflects Feature Extraction, where the model tries, evaluates, and gradually enhances how it interprets data. Eric might shape the outcome, just like training data shapes model behavior."
Q-Learning,Friends,"In Friends, Ross and Joey often learn from repeated interactions. Q-Learning works the same way. The system observes examples, notices which patterns lead to good outcomes, and strengthens them. When outcomes are poor, adjustments happen. This ongoing improvement reflects how learning models evolve."
RNNs,Friends,"In Friends, relationships and decisions evolve. Joey doesn't always act perfectly but learns over time. RNNs functions the same way: through examples, feedback, and refinement, better predictions form. Chandler's influence is like features shaping the model's judgment."
Cross-Validation,Seinfeld,"In Seinfeld, Jerry and Kramer often learn from repeated interactions. Cross-Validation works the same way. The system observes examples, notices which patterns lead to good outcomes, and strengthens them. When outcomes are poor, adjustments happen. This ongoing improvement reflects how learning models evolve."
Feature Extraction,Brooklyn Nine-Nine,"In Brooklyn Nine-Nine, relationships and decisions evolve. Holt doesn't always act perfectly but learns over time. Feature Extraction functions the same way: through examples, feedback, and refinement, better predictions form. Rosa's influence is like features shaping the model's judgment."
K-Means Clustering,Parks and Recreation,"In Parks and Recreation, relationships and decisions evolve. Leslie doesn't always act perfectly but learns over time. K-Means Clustering functions the same way: through examples, feedback, and refinement, better predictions form. Ben's influence is like features shaping the model's judgment."
Support Vector Machines,Brooklyn Nine-Nine,"Support Vector Machines explained using Brooklyn Nine-Nine: Think of Holt trying to solve a repeating problem in daily life. Holt looks at past outcomes and learns which approaches worked. Jake may influence the decisions, but over time, Holt becomes better by adjusting behaviors based on what succeeded and what failed. This mirrors how Support Vector Machines learns from data by refining internal patterns through feedback."
Feature Scaling,How I Met Your Mother,"Feature Scaling explained using How I Met Your Mother: Think of Barney trying to solve a repeating problem in daily life. Barney looks at past outcomes and learns which approaches worked. Ted may influence the decisions, but over time, Barney becomes better by adjusting behaviors based on what succeeded and what failed. This mirrors how Feature Scaling learns from data by refining internal patterns through feedback."
L2 Regularization,Seinfeld,"L2 Regularization explained using Seinfeld: Think of Kramer trying to solve a repeating problem in daily life. Kramer looks at past outcomes and learns which approaches worked. George may influence the decisions, but over time, Kramer becomes better by adjusting behaviors based on what succeeded and what failed. This mirrors how L2 Regularization learns from data by refining internal patterns through feedback."
L1 Regularization,Friends,"In Friends, relationships and decisions evolve. Ross doesn't always act perfectly but learns over time. L1 Regularization functions the same way: through examples, feedback, and refinement, better predictions form. Monica's influence is like features shaping the model's judgment."
Accuracy vs Precision vs Recall vs F1-score,Modern Family,"Accuracy vs Precision vs Recall vs F1-score explained using Modern Family: Think of Gloria trying to solve a repeating problem in daily life. Gloria looks at past outcomes and learns which approaches worked. Mitchell may influence the decisions, but over time, Gloria becomes better by adjusting behaviors based on what succeeded and what failed. This mirrors how Accuracy vs Precision vs Recall vs F1-score learns from data by refining internal patterns through feedback."
Feature Selection,It's Always Sunny in Philadelphia,"Feature Selection explained using It's Always Sunny in Philadelphia: Think of Dennis trying to solve a repeating problem in daily life. Dennis looks at past outcomes and learns which approaches worked. Mac may influence the decisions, but over time, Dennis becomes better by adjusting behaviors based on what succeeded and what failed. This mirrors how Feature Selection learns from data by refining internal patterns through feedback."
Bias-Variance Tradeoff,Parks and Recreation,"Bias-Variance Tradeoff explained using Parks and Recreation: Think of Andy trying to solve a repeating problem in daily life. Andy looks at past outcomes and learns which approaches worked. Ben may influence the decisions, but over time, Andy becomes better by adjusting behaviors based on what succeeded and what failed. This mirrors how Bias-Variance Tradeoff learns from data by refining internal patterns through feedback."
Q-Learning,The Big Bang Theory,"In The Big Bang Theory, Penny and Raj often learn from repeated interactions. Q-Learning works the same way. The system observes examples, notices which patterns lead to good outcomes, and strengthens them. When outcomes are poor, adjustments happen. This ongoing improvement reflects how learning models evolve."
Stacking,It's Always Sunny in Philadelphia,"In It's Always Sunny in Philadelphia, Charlie and Dee often learn from repeated interactions. Stacking works the same way. The system observes examples, notices which patterns lead to good outcomes, and strengthens them. When outcomes are poor, adjustments happen. This ongoing improvement reflects how learning models evolve."
LSTMs,Friends,"In Friends, Joey and Chandler often learn from repeated interactions. LSTMs works the same way. The system observes examples, notices which patterns lead to good outcomes, and strengthens them. When outcomes are poor, adjustments happen. This ongoing improvement reflects how learning models evolve."
Q-Learning,Modern Family,"In Modern Family, Claire and Jay often learn from repeated interactions. Q-Learning works the same way. The system observes examples, notices which patterns lead to good outcomes, and strengthens them. When outcomes are poor, adjustments happen. This ongoing improvement reflects how learning models evolve."
Boosting,How I Met Your Mother,"In How I Met Your Mother, relationships and decisions evolve. Barney doesn't always act perfectly but learns over time. Boosting functions the same way: through examples, feedback, and refinement, better predictions form. Lily's influence is like features shaping the model's judgment."
Feature Selection,Seinfeld,"Imagine Kramer facing a recurring situation in Seinfeld. Initially, decisions may be random, but feedback guides improvement. This reflects Feature Selection, where the model tries, evaluates, and gradually enhances how it interprets data. George might shape the outcome, just like training data shapes model behavior."
L2 Regularization,The Big Bang Theory,"In The Big Bang Theory, relationships and decisions evolve. Sheldon doesn't always act perfectly but learns over time. L2 Regularization functions the same way: through examples, feedback, and refinement, better predictions form. Howard's influence is like features shaping the model's judgment."
Support Vector Machines,It's Always Sunny in Philadelphia,"In It's Always Sunny in Philadelphia, Dee and Charlie often learn from repeated interactions. Support Vector Machines works the same way. The system observes examples, notices which patterns lead to good outcomes, and strengthens them. When outcomes are poor, adjustments happen. This ongoing improvement reflects how learning models evolve."
SARSA,Friends,"In Friends, relationships and decisions evolve. Rachel doesn't always act perfectly but learns over time. SARSA functions the same way: through examples, feedback, and refinement, better predictions form. Chandler's influence is like features shaping the model's judgment."
Image Segmentation,It's Always Sunny in Philadelphia,"Imagine Dee facing a recurring situation in It's Always Sunny in Philadelphia. Initially, decisions may be random, but feedback guides improvement. This reflects Image Segmentation, where the model tries, evaluates, and gradually enhances how it interprets data. Dennis might shape the outcome, just like training data shapes model behavior."
SVD,That '70s Show,"SVD explained using That '70s Show: Think of Donna trying to solve a repeating problem in daily life. Donna looks at past outcomes and learns which approaches worked. Hyde may influence the decisions, but over time, Donna becomes better by adjusting behaviors based on what succeeded and what failed. This mirrors how SVD learns from data by refining internal patterns through feedback."
Text Classification,Parks and Recreation,"Imagine Andy facing a recurring situation in Parks and Recreation. Initially, decisions may be random, but feedback guides improvement. This reflects Text Classification, where the model tries, evaluates, and gradually enhances how it interprets data. Leslie might shape the outcome, just like training data shapes model behavior."
Underfitting and Overfitting,How I Met Your Mother,"In How I Met Your Mother, Barney and Marshall often learn from repeated interactions. Underfitting and Overfitting works the same way. The system observes examples, notices which patterns lead to good outcomes, and strengthens them. When outcomes are poor, adjustments happen. This ongoing improvement reflects how learning models evolve."
Hierarchical Clustering,The Big Bang Theory,"In The Big Bang Theory, Howard and Leonard often learn from repeated interactions. Hierarchical Clustering works the same way. The system observes examples, notices which patterns lead to good outcomes, and strengthens them. When outcomes are poor, adjustments happen. This ongoing improvement reflects how learning models evolve."
Underfitting and Overfitting,The Big Bang Theory,"In The Big Bang Theory, Raj and Leonard often learn from repeated interactions. Underfitting and Overfitting works the same way. The system observes examples, notices which patterns lead to good outcomes, and strengthens them. When outcomes are poor, adjustments happen. This ongoing improvement reflects how learning models evolve."
Bagging,Brooklyn Nine-Nine,"Bagging explained using Brooklyn Nine-Nine: Think of Terry trying to solve a repeating problem in daily life. Terry looks at past outcomes and learns which approaches worked. Boyle may influence the decisions, but over time, Terry becomes better by adjusting behaviors based on what succeeded and what failed. This mirrors how Bagging learns from data by refining internal patterns through feedback."
Boosting,Brooklyn Nine-Nine,"Boosting explained using Brooklyn Nine-Nine: Think of Terry trying to solve a repeating problem in daily life. Terry looks at past outcomes and learns which approaches worked. Rosa may influence the decisions, but over time, Terry becomes better by adjusting behaviors based on what succeeded and what failed. This mirrors how Boosting learns from data by refining internal patterns through feedback."
SVD,How I Met Your Mother,"Imagine Marshall facing a recurring situation in How I Met Your Mother. Initially, decisions may be random, but feedback guides improvement. This reflects SVD, where the model tries, evaluates, and gradually enhances how it interprets data. Barney might shape the outcome, just like training data shapes model behavior."
Decision Trees,The Office (US),"Imagine Dwight facing a recurring situation in The Office (US). Initially, decisions may be random, but feedback guides improvement. This reflects Decision Trees, where the model tries, evaluates, and gradually enhances how it interprets data. Michael might shape the outcome, just like training data shapes model behavior."
Q-Learning,The Office (US),"In The Office (US), relationships and decisions evolve. Dwight doesn't always act perfectly but learns over time. Q-Learning functions the same way: through examples, feedback, and refinement, better predictions form. Pam's influence is like features shaping the model's judgment."
SVD,The Office (US),"SVD explained using The Office (US): Think of Angela trying to solve a repeating problem in daily life. Angela looks at past outcomes and learns which approaches worked. Kevin may influence the decisions, but over time, Angela becomes better by adjusting behaviors based on what succeeded and what failed. This mirrors how SVD learns from data by refining internal patterns through feedback."
Sentiment Analysis,Brooklyn Nine-Nine,"In Brooklyn Nine-Nine, relationships and decisions evolve. Boyle doesn't always act perfectly but learns over time. Sentiment Analysis functions the same way: through examples, feedback, and refinement, better predictions form. Jake's influence is like features shaping the model's judgment."
DBSCAN,Brooklyn Nine-Nine,"In Brooklyn Nine-Nine, Boyle and Holt often learn from repeated interactions. DBSCAN works the same way. The system observes examples, notices which patterns lead to good outcomes, and strengthens them. When outcomes are poor, adjustments happen. This ongoing improvement reflects how learning models evolve."
Bias-Variance Tradeoff,How I Met Your Mother,"In How I Met Your Mother, relationships and decisions evolve. Robin doesn't always act perfectly but learns over time. Bias-Variance Tradeoff functions the same way: through examples, feedback, and refinement, better predictions form. Marshall's influence is like features shaping the model's judgment."
Linear Regression,It's Always Sunny in Philadelphia,"In It's Always Sunny in Philadelphia, relationships and decisions evolve. Charlie doesn't always act perfectly but learns over time. Linear Regression functions the same way: through examples, feedback, and refinement, better predictions form. Dee's influence is like features shaping the model's judgment."
L2 Regularization,It's Always Sunny in Philadelphia,"In It's Always Sunny in Philadelphia, Dennis and Frank often learn from repeated interactions. L2 Regularization works the same way. The system observes examples, notices which patterns lead to good outcomes, and strengthens them. When outcomes are poor, adjustments happen. This ongoing improvement reflects how learning models evolve."
SARSA,The Big Bang Theory,"In The Big Bang Theory, Howard and Leonard often learn from repeated interactions. SARSA works the same way. The system observes examples, notices which patterns lead to good outcomes, and strengthens them. When outcomes are poor, adjustments happen. This ongoing improvement reflects how learning models evolve."
PCA,That '70s Show,"In That '70s Show, relationships and decisions evolve. Donna doesn't always act perfectly but learns over time. PCA functions the same way: through examples, feedback, and refinement, better predictions form. Fez's influence is like features shaping the model's judgment."
K-Means Clustering,The Office (US),"K-Means Clustering explained using The Office (US): Think of Jim trying to solve a repeating problem in daily life. Jim looks at past outcomes and learns which approaches worked. Dwight may influence the decisions, but over time, Jim becomes better by adjusting behaviors based on what succeeded and what failed. This mirrors how K-Means Clustering learns from data by refining internal patterns through feedback."
MLP,Parks and Recreation,"In Parks and Recreation, relationships and decisions evolve. Ron doesn't always act perfectly but learns over time. MLP functions the same way: through examples, feedback, and refinement, better predictions form. Andy's influence is like features shaping the model's judgment."
K-Nearest Neighbors,The Big Bang Theory,"Imagine Penny facing a recurring situation in The Big Bang Theory. Initially, decisions may be random, but feedback guides improvement. This reflects K-Nearest Neighbors, where the model tries, evaluates, and gradually enhances how it interprets data. Raj might shape the outcome, just like training data shapes model behavior."
Policy Gradients,How I Met Your Mother,"In How I Met Your Mother, Robin and Barney often learn from repeated interactions. Policy Gradients works the same way. The system observes examples, notices which patterns lead to good outcomes, and strengthens them. When outcomes are poor, adjustments happen. This ongoing improvement reflects how learning models evolve."
Logistic Regression,The Office (US),"Imagine Pam facing a recurring situation in The Office (US). Initially, decisions may be random, but feedback guides improvement. This reflects Logistic Regression, where the model tries, evaluates, and gradually enhances how it interprets data. Angela might shape the outcome, just like training data shapes model behavior."
MLP,The Office (US),"Imagine Dwight facing a recurring situation in The Office (US). Initially, decisions may be random, but feedback guides improvement. This reflects MLP, where the model tries, evaluates, and gradually enhances how it interprets data. Pam might shape the outcome, just like training data shapes model behavior."
CNNs,The Office (US),"Imagine Pam facing a recurring situation in The Office (US). Initially, decisions may be random, but feedback guides improvement. This reflects CNNs, where the model tries, evaluates, and gradually enhances how it interprets data. Angela might shape the outcome, just like training data shapes model behavior."
Support Vector Machines,Seinfeld,"Imagine Jerry facing a recurring situation in Seinfeld. Initially, decisions may be random, but feedback guides improvement. This reflects Support Vector Machines, where the model tries, evaluates, and gradually enhances how it interprets data. Kramer might shape the outcome, just like training data shapes model behavior."
